{
  "cognito": {
    "poolId": "us-east-1:8379b755-640e-4977-92b1-510bf6ba7cb0"
  },
  "lex": {
    "botName": "SubmitForm",
    "initialText": "Hi there ! You can ask me for help in case you are stuck. Just type \"Form Help\" or click on the mic and say it. For more information contact our call center 1800-100-800",
    "initialSpeechInstruction": "Say 'Form Help' to get started."
  },
  "polly": {
    "voiceId": "Salli"
  },
  "ui": {
    "parentOrigin": "",
    "pageTitle": "Submit Form Bot",
    "toolbarTitle": "Online Help"
  },
  "recorder": {
    "preset": "speech_recognition"
  }
}
